{"cameraMode":{"drawMode":0,"name":"Shaded","section":"Shading Mode"},"sceneLighting":false,"audioPlay":false,"sceneViewState":{"m_AlwaysRefresh":false,"showFog":true,"showSkybox":false,"showFlares":true,"showImageEffects":true,"showParticleSystems":true,"showVisualEffectGraphs":true,"m_FxEnabled":true},"in2DMode":false,"pivot":{"x":959.6158447265625,"y":538.1013793945313,"z":0.24177300930023194},"rotation":{"x":-0.08244103938341141,"y":0.6544776558876038,"z":-0.07219517230987549,"w":-0.7480540871620178},"size":1102.7203369140625,"orthographic":false}