{"cameraMode":{"drawMode":0,"name":"Shaded","section":"Shading Mode"},"sceneLighting":false,"audioPlay":false,"sceneViewState":{"m_AlwaysRefresh":false,"showFog":true,"showSkybox":false,"showFlares":true,"showImageEffects":true,"showParticleSystems":true,"showVisualEffectGraphs":true,"m_FxEnabled":true},"in2DMode":false,"pivot":{"x":1828.7869873046875,"y":1097.759033203125,"z":154.469482421875},"rotation":{"x":-0.044117994606494907,"y":0.9445593357086182,"z":-0.29250648617744448,"w":-0.14246520400047303},"size":1835.3377685546875,"orthographic":false}