{"cameraMode":{"drawMode":0,"name":"Shaded","section":"Shading Mode"},"sceneLighting":false,"audioPlay":false,"sceneViewState":{"m_AlwaysRefresh":false,"showFog":true,"showSkybox":false,"showFlares":true,"showImageEffects":true,"showParticleSystems":true,"showVisualEffectGraphs":true,"m_FxEnabled":true},"in2DMode":false,"pivot":{"x":0.2507610321044922,"y":-7.082012176513672,"z":0.9670920372009277},"rotation":{"x":-0.04144008830189705,"y":-0.32316315174102785,"z":0.014167116023600102,"w":-0.9453175663948059},"size":8.987922668457032,"orthographic":false}